<?xml version="1.0" encoding="UTF-8"?>

<!DOCTYPE hibernate-configuration PUBLIC
        "-//Hibernate/Hibernate Configuration DTD 3.0//EN"
        "http://www.hibernate.org/dtd/hibernate-configuration-3.0.dtd">

<hibernate-configuration>

    <session-factory>
                     
      <property name = "hibernate.dialect">org.hibernate.dialect.MySQLDialect</property>
      <property name="hibernate.connection.url">jdbc:mysql://localhost:3306/vinay?serverTimezone=EST5EDT</property>
      <property name = "hibernate.connection.username">root</property>
      <property name = "hibernate.connection.password"></property>
      
      <!-- property name="cache.use_second_level_cache">true</property>
      <property name="cache.provider_class">org.hibernate.cache.EhCacheProvider</property -->
     	
      <property name="hibernate.show_sql">True</property>
      <property name="hbm2ddl.auto">update</property>
      <property name="connection.pool_size">1</property>
      
      
      <mapping class="vinay1.StudentDetails"></mapping>
      <mapping class="vinay1.StudentAddress"></mapping>
      
      
   </session-factory>

</hibernate-configuration>